time,engagement,excitement,stress,relaxation,interest,focus
10,0.4,0.65,0.599999,0.25,0.9,0.349999
20,0.4,0.65,0.599999,0.25,0.9,0.349999
30,0.4,0.65,0.599999,0.25,0.9,0.349999
40,0.4,0.65,0.5125,0.25,0.9,0.349999
50,0.4,0.65,0.25,0.25,0.9,0.349999
60,0.4,0.65,0.25,0.25,0.9,0.349999
70,0.4,0.65,0.25,0.25,0.9,0.349999
